{
    "modules": [],
    "properties": {
        "backendModules": [],
        "description": "",
        "emConf": {
            "category": "plugin",
            "custom_category": "",
            "dependsOn": "typo3 => 7.6.0-7.6.99\n",
            "disableLocalization": false,
            "disableVersioning": false,
            "skipGenerateDocumentationTemplate": false,
            "sourceLanguage": "en",
            "state": "alpha",
            "targetVersion": "7.6.0-7.6.99",
            "version": ""
        },
        "extensionKey": "storm_base",
        "name": "Base Storm Extension",
        "originalExtensionKey": "",
        "originalVendorName": "",
        "persons": [],
        "plugins": [],
        "vendorName": "Stormbase"
    },
    "wires": [],
    "log": {
        "last_modified": "2017-08-09 10:24",
        "extension_builder_version": "7.6.0",
        "be_user": " (1)"
    }
}